-- MySQL dump 10.13  Distrib 5.7.21, for osx10.13 (x86_64)
--
-- Host: localhost    Database: dbmsassignment
-- ------------------------------------------------------
-- Server version	5.7.19

/*!40101 SET @OLD_CHARACTER_SET_CLIENT=@@CHARACTER_SET_CLIENT */;
/*!40101 SET @OLD_CHARACTER_SET_RESULTS=@@CHARACTER_SET_RESULTS */;
/*!40101 SET @OLD_COLLATION_CONNECTION=@@COLLATION_CONNECTION */;
/*!40101 SET NAMES utf8 */;
/*!40103 SET @OLD_TIME_ZONE=@@TIME_ZONE */;
/*!40103 SET TIME_ZONE='+00:00' */;
/*!40014 SET @OLD_UNIQUE_CHECKS=@@UNIQUE_CHECKS, UNIQUE_CHECKS=0 */;
/*!40014 SET @OLD_FOREIGN_KEY_CHECKS=@@FOREIGN_KEY_CHECKS, FOREIGN_KEY_CHECKS=0 */;
/*!40101 SET @OLD_SQL_MODE=@@SQL_MODE, SQL_MODE='NO_AUTO_VALUE_ON_ZERO' */;
/*!40111 SET @OLD_SQL_NOTES=@@SQL_NOTES, SQL_NOTES=0 */;

--
-- Table structure for table `movie`
--

DROP TABLE IF EXISTS `movie`;
/*!40101 SET @saved_cs_client     = @@character_set_client */;
/*!40101 SET character_set_client = utf8 */;
CREATE TABLE `movie` (
  `movie_name` varchar(20) NOT NULL,
  `director` varchar(20) DEFAULT NULL,
  `production` varchar(25) DEFAULT NULL,
  `rating` float DEFAULT NULL,
  `sc_id` int(11) NOT NULL,
  PRIMARY KEY (`movie_name`,`sc_id`)
) ENGINE=InnoDB DEFAULT CHARSET=latin1;
/*!40101 SET character_set_client = @saved_cs_client */;

--
-- Dumping data for table `movie`
--

LOCK TABLES `movie` WRITE;
/*!40000 ALTER TABLE `movie` DISABLE KEYS */;
INSERT INTO `movie` VALUES ('Shawshank Redemption','Frank Darabont','Niki Marvin',9.3,2),('The Godfather','Francis Ford Coppola','Albert S. Ruddy',9.2,1);
/*!40000 ALTER TABLE `movie` ENABLE KEYS */;
UNLOCK TABLES;

--
-- Table structure for table `screen`
--

DROP TABLE IF EXISTS `screen`;
/*!40101 SET @saved_cs_client     = @@character_set_client */;
/*!40101 SET character_set_client = utf8 */;
CREATE TABLE `screen` (
  `seat_no` int(11) NOT NULL,
  `sc_id` int(11) NOT NULL,
  `row` varchar(10) DEFAULT NULL,
  `cols` varchar(10) DEFAULT NULL,
  `movie_name` varchar(20) DEFAULT NULL,
  `status` tinyint(1) DEFAULT NULL,
  PRIMARY KEY (`sc_id`,`seat_no`),
  KEY `movie_name` (`movie_name`,`sc_id`),
  CONSTRAINT `screen_ibfk_1` FOREIGN KEY (`movie_name`, `sc_id`) REFERENCES `movie` (`movie_name`, `sc_id`)
) ENGINE=InnoDB DEFAULT CHARSET=latin1;
/*!40101 SET character_set_client = @saved_cs_client */;

--
-- Dumping data for table `screen`
--

LOCK TABLES `screen` WRITE;
/*!40000 ALTER TABLE `screen` DISABLE KEYS */;
INSERT INTO `screen` VALUES (1,1,'A','1','The Godfather',1),(2,1,'A','2','The Godfather',1),(3,1,'A','3','The Godfather',1),(4,1,'A','4','The Godfather',1),(5,1,'A','5','The Godfather',0),(6,1,'A','6','The Godfather',0),(7,1,'A','7','The Godfather',0),(8,1,'A','8','The Godfather',0),(9,1,'A','9','The Godfather',0),(10,1,'A','10','The Godfather',0),(11,1,'A','11','The Godfather',0),(12,1,'A','12','The Godfather',0),(13,1,'A','13','The Godfather',0),(14,1,'A','14','The Godfather',0),(15,1,'A','15','The Godfather',0),(16,1,'A','16','The Godfather',0),(17,1,'A','17','The Godfather',0),(18,1,'A','18','The Godfather',0),(19,1,'A','19','The Godfather',0),(20,1,'A','20','The Godfather',0),(21,1,'A','21','The Godfather',0),(22,1,'A','22','The Godfather',0),(23,1,'A','23','The Godfather',0),(24,1,'A','24','The Godfather',0),(25,1,'A','25','The Godfather',0),(26,1,'A','26','The Godfather',0),(27,1,'A','27','The Godfather',0),(28,1,'A','28','The Godfather',0),(29,1,'A','29','The Godfather',0),(30,1,'A','30','The Godfather',0),(31,1,'B','1','The Godfather',0),(32,1,'B','2','The Godfather',0),(33,1,'B','3','The Godfather',0),(34,1,'B','4','The Godfather',0),(35,1,'B','5','The Godfather',0),(36,1,'B','6','The Godfather',0),(37,1,'B','7','The Godfather',0),(38,1,'B','8','The Godfather',0),(39,1,'B','9','The Godfather',0),(40,1,'B','10','The Godfather',0),(41,1,'B','11','The Godfather',0),(42,1,'B','12','The Godfather',0),(43,1,'B','13','The Godfather',0),(44,1,'B','14','The Godfather',0),(45,1,'B','15','The Godfather',0),(46,1,'B','16','The Godfather',0),(47,1,'B','17','The Godfather',0),(48,1,'B','18','The Godfather',0),(49,1,'B','19','The Godfather',0),(50,1,'B','20','The Godfather',0),(51,1,'B','21','The Godfather',0),(52,1,'B','22','The Godfather',0),(53,1,'B','23','The Godfather',0),(54,1,'B','24','The Godfather',0),(55,1,'B','25','The Godfather',0),(56,1,'B','26','The Godfather',0),(57,1,'B','27','The Godfather',0),(58,1,'B','28','The Godfather',0),(59,1,'B','29','The Godfather',0),(60,1,'B','30','The Godfather',0),(61,1,'C','1','The Godfather',0),(62,1,'C','2','The Godfather',0),(63,1,'C','3','The Godfather',0),(64,1,'C','4','The Godfather',0),(65,1,'C','5','The Godfather',0),(66,1,'C','6','The Godfather',0),(67,1,'C','7','The Godfather',0),(68,1,'C','8','The Godfather',0),(69,1,'C','9','The Godfather',0),(70,1,'C','10','The Godfather',0),(71,1,'C','11','The Godfather',0),(72,1,'C','12','The Godfather',0),(73,1,'C','13','The Godfather',0),(74,1,'C','14','The Godfather',0),(75,1,'C','15','The Godfather',0),(76,1,'C','16','The Godfather',0),(77,1,'C','17','The Godfather',0),(78,1,'C','18','The Godfather',0),(79,1,'C','19','The Godfather',0),(80,1,'C','20','The Godfather',0),(81,1,'C','21','The Godfather',0),(82,1,'C','22','The Godfather',0),(83,1,'C','23','The Godfather',0),(84,1,'C','24','The Godfather',0),(85,1,'C','25','The Godfather',0),(86,1,'C','26','The Godfather',0),(87,1,'C','27','The Godfather',0),(88,1,'C','28','The Godfather',0),(89,1,'C','29','The Godfather',0),(90,1,'C','30','The Godfather',0),(91,1,'D','1','The Godfather',0),(92,1,'D','2','The Godfather',0),(93,1,'D','3','The Godfather',0),(94,1,'D','4','The Godfather',0),(95,1,'D','5','The Godfather',0),(96,1,'D','6','The Godfather',0),(97,1,'D','7','The Godfather',0),(98,1,'D','8','The Godfather',0),(99,1,'D','9','The Godfather',0),(100,1,'D','10','The Godfather',0),(101,1,'D','11','The Godfather',0),(102,1,'D','12','The Godfather',0),(103,1,'D','13','The Godfather',0),(104,1,'D','14','The Godfather',0),(105,1,'D','15','The Godfather',0),(106,1,'D','16','The Godfather',0),(107,1,'D','17','The Godfather',0),(108,1,'D','18','The Godfather',0),(109,1,'D','19','The Godfather',0),(110,1,'D','20','The Godfather',0),(111,1,'D','21','The Godfather',0),(112,1,'D','22','The Godfather',0),(113,1,'D','23','The Godfather',0),(114,1,'D','24','The Godfather',0),(115,1,'D','25','The Godfather',0),(116,1,'D','26','The Godfather',0),(117,1,'D','27','The Godfather',0),(118,1,'D','28','The Godfather',0),(119,1,'D','29','The Godfather',0),(120,1,'D','30','The Godfather',0),(121,1,'E','1','The Godfather',0),(122,1,'E','2','The Godfather',0),(123,1,'E','3','The Godfather',0),(124,1,'E','4','The Godfather',0),(125,1,'E','5','The Godfather',0),(126,1,'E','6','The Godfather',0),(127,1,'E','7','The Godfather',0),(128,1,'E','8','The Godfather',0),(129,1,'E','9','The Godfather',0),(130,1,'E','10','The Godfather',0),(131,1,'E','11','The Godfather',0),(132,1,'E','12','The Godfather',0),(133,1,'E','13','The Godfather',0),(134,1,'E','14','The Godfather',0),(135,1,'E','15','The Godfather',0),(136,1,'E','16','The Godfather',0),(137,1,'E','17','The Godfather',0),(138,1,'E','18','The Godfather',0),(139,1,'E','19','The Godfather',0),(140,1,'E','20','The Godfather',0),(141,1,'E','21','The Godfather',0),(142,1,'E','22','The Godfather',0),(143,1,'E','23','The Godfather',0),(144,1,'E','24','The Godfather',0),(145,1,'E','25','The Godfather',0),(146,1,'E','26','The Godfather',0),(147,1,'E','27','The Godfather',0),(148,1,'E','28','The Godfather',0),(149,1,'E','29','The Godfather',0),(150,1,'E','30','The Godfather',0),(151,1,'F','1','The Godfather',0),(152,1,'F','2','The Godfather',0),(153,1,'F','3','The Godfather',0),(154,1,'F','4','The Godfather',0),(155,1,'F','5','The Godfather',0),(156,1,'F','6','The Godfather',0),(157,1,'F','7','The Godfather',0),(158,1,'F','8','The Godfather',0),(159,1,'F','9','The Godfather',0),(160,1,'F','10','The Godfather',0),(161,1,'F','11','The Godfather',0),(162,1,'F','12','The Godfather',0),(163,1,'F','13','The Godfather',0),(164,1,'F','14','The Godfather',0),(165,1,'F','15','The Godfather',0),(166,1,'F','16','The Godfather',0),(167,1,'F','17','The Godfather',0),(168,1,'F','18','The Godfather',0),(169,1,'F','19','The Godfather',0),(170,1,'F','20','The Godfather',0),(171,1,'F','21','The Godfather',0),(172,1,'F','22','The Godfather',0),(173,1,'F','23','The Godfather',0),(174,1,'F','24','The Godfather',0),(175,1,'F','25','The Godfather',0),(176,1,'F','26','The Godfather',0),(177,1,'F','27','The Godfather',0),(178,1,'F','28','The Godfather',0),(179,1,'F','29','The Godfather',0),(180,1,'F','30','The Godfather',0),(181,1,'G','1','The Godfather',0),(182,1,'G','2','The Godfather',0),(183,1,'G','3','The Godfather',0),(184,1,'G','4','The Godfather',0),(185,1,'G','5','The Godfather',0),(186,1,'G','6','The Godfather',0),(187,1,'G','7','The Godfather',0),(188,1,'G','8','The Godfather',0),(189,1,'G','9','The Godfather',0),(190,1,'G','10','The Godfather',0),(191,1,'G','11','The Godfather',0),(192,1,'G','12','The Godfather',0),(193,1,'G','13','The Godfather',0),(194,1,'G','14','The Godfather',0),(195,1,'G','15','The Godfather',0),(196,1,'G','16','The Godfather',0),(197,1,'G','17','The Godfather',0),(198,1,'G','18','The Godfather',0),(199,1,'G','19','The Godfather',0),(200,1,'G','20','The Godfather',0),(201,1,'G','21','The Godfather',0),(202,1,'G','22','The Godfather',0),(203,1,'G','23','The Godfather',0),(204,1,'G','24','The Godfather',0),(205,1,'G','25','The Godfather',0),(206,1,'G','26','The Godfather',0),(207,1,'G','27','The Godfather',0),(208,1,'G','28','The Godfather',0),(209,1,'G','29','The Godfather',0),(210,1,'G','30','The Godfather',0),(211,1,'H','1','The Godfather',0),(212,1,'H','2','The Godfather',0),(213,1,'H','3','The Godfather',0),(214,1,'H','4','The Godfather',0),(215,1,'H','5','The Godfather',0),(216,1,'H','6','The Godfather',0),(217,1,'H','7','The Godfather',0),(218,1,'H','8','The Godfather',0),(219,1,'H','9','The Godfather',0),(220,1,'H','10','The Godfather',0),(221,1,'H','11','The Godfather',0),(222,1,'H','12','The Godfather',0),(223,1,'H','13','The Godfather',0),(224,1,'H','14','The Godfather',0),(225,1,'H','15','The Godfather',0),(226,1,'H','16','The Godfather',0),(227,1,'H','17','The Godfather',0),(228,1,'H','18','The Godfather',0),(229,1,'H','19','The Godfather',0),(230,1,'H','20','The Godfather',0),(231,1,'H','21','The Godfather',0),(232,1,'H','22','The Godfather',0),(233,1,'H','23','The Godfather',0),(234,1,'H','24','The Godfather',0),(235,1,'H','25','The Godfather',0),(236,1,'H','26','The Godfather',0),(237,1,'H','27','The Godfather',0),(238,1,'H','28','The Godfather',0),(239,1,'H','29','The Godfather',0),(240,1,'H','30','The Godfather',0),(241,1,'I','1','The Godfather',0),(242,1,'I','2','The Godfather',0),(243,1,'I','3','The Godfather',0),(244,1,'I','4','The Godfather',0),(245,1,'I','5','The Godfather',0),(246,1,'I','6','The Godfather',0),(247,1,'I','7','The Godfather',0),(248,1,'I','8','The Godfather',0),(249,1,'I','9','The Godfather',0),(250,1,'I','10','The Godfather',0),(251,1,'I','11','The Godfather',0),(252,1,'I','12','The Godfather',0),(253,1,'I','13','The Godfather',0),(254,1,'I','14','The Godfather',0),(255,1,'I','15','The Godfather',0),(256,1,'I','16','The Godfather',0),(257,1,'I','17','The Godfather',0),(258,1,'I','18','The Godfather',0),(259,1,'I','19','The Godfather',0),(260,1,'I','20','The Godfather',0),(261,1,'I','21','The Godfather',0),(262,1,'I','22','The Godfather',0),(263,1,'I','23','The Godfather',0),(264,1,'I','24','The Godfather',0),(265,1,'I','25','The Godfather',0),(266,1,'I','26','The Godfather',0),(267,1,'I','27','The Godfather',0),(268,1,'I','28','The Godfather',0),(269,1,'I','29','The Godfather',0),(270,1,'I','30','The Godfather',0),(271,1,'J','1','The Godfather',0),(272,1,'J','2','The Godfather',0),(273,1,'J','3','The Godfather',0),(274,1,'J','4','The Godfather',0),(275,1,'J','5','The Godfather',0),(276,1,'J','6','The Godfather',0),(277,1,'J','7','The Godfather',0),(278,1,'J','8','The Godfather',0),(279,1,'J','9','The Godfather',0),(280,1,'J','10','The Godfather',0),(281,1,'J','11','The Godfather',0),(282,1,'J','12','The Godfather',0),(283,1,'J','13','The Godfather',0),(284,1,'J','14','The Godfather',0),(285,1,'J','15','The Godfather',0),(286,1,'J','16','The Godfather',0),(287,1,'J','17','The Godfather',0),(288,1,'J','18','The Godfather',0),(289,1,'J','19','The Godfather',0),(290,1,'J','20','The Godfather',0),(291,1,'J','21','The Godfather',0),(292,1,'J','22','The Godfather',0),(293,1,'J','23','The Godfather',0),(294,1,'J','24','The Godfather',0),(295,1,'J','25','The Godfather',0),(296,1,'J','26','The Godfather',0),(297,1,'J','27','The Godfather',0),(298,1,'J','28','The Godfather',0),(299,1,'J','29','The Godfather',0),(300,1,'J','30','The Godfather',0),(1,2,'A','1','Shawshank Redemption',0),(2,2,'A','2','Shawshank Redemption',0),(3,2,'A','3','Shawshank Redemption',0),(4,2,'A','4','Shawshank Redemption',0),(5,2,'A','5','Shawshank Redemption',0),(6,2,'A','6','Shawshank Redemption',0),(7,2,'A','7','Shawshank Redemption',0),(8,2,'A','8','Shawshank Redemption',0),(9,2,'A','9','Shawshank Redemption',0),(10,2,'A','10','Shawshank Redemption',0),(11,2,'A','11','Shawshank Redemption',0),(12,2,'A','12','Shawshank Redemption',0),(13,2,'A','13','Shawshank Redemption',0),(14,2,'A','14','Shawshank Redemption',0),(15,2,'A','15','Shawshank Redemption',0),(16,2,'A','16','Shawshank Redemption',0),(17,2,'A','17','Shawshank Redemption',0),(18,2,'A','18','Shawshank Redemption',0),(19,2,'A','19','Shawshank Redemption',0),(20,2,'A','20','Shawshank Redemption',0),(21,2,'A','21','Shawshank Redemption',0),(22,2,'A','22','Shawshank Redemption',0),(23,2,'A','23','Shawshank Redemption',0),(24,2,'A','24','Shawshank Redemption',0),(25,2,'A','25','Shawshank Redemption',0),(26,2,'A','26','Shawshank Redemption',0),(27,2,'A','27','Shawshank Redemption',0),(28,2,'A','28','Shawshank Redemption',0),(29,2,'A','29','Shawshank Redemption',0),(30,2,'A','30','Shawshank Redemption',0),(31,2,'B','1','Shawshank Redemption',0),(32,2,'B','2','Shawshank Redemption',0),(33,2,'B','3','Shawshank Redemption',0),(34,2,'B','4','Shawshank Redemption',0),(35,2,'B','5','Shawshank Redemption',0),(36,2,'B','6','Shawshank Redemption',0),(37,2,'B','7','Shawshank Redemption',0),(38,2,'B','8','Shawshank Redemption',0),(39,2,'B','9','Shawshank Redemption',0),(40,2,'B','10','Shawshank Redemption',0),(41,2,'B','11','Shawshank Redemption',0),(42,2,'B','12','Shawshank Redemption',0),(43,2,'B','13','Shawshank Redemption',0),(44,2,'B','14','Shawshank Redemption',0),(45,2,'B','15','Shawshank Redemption',0),(46,2,'B','16','Shawshank Redemption',0),(47,2,'B','17','Shawshank Redemption',0),(48,2,'B','18','Shawshank Redemption',0),(49,2,'B','19','Shawshank Redemption',0),(50,2,'B','20','Shawshank Redemption',0),(51,2,'B','21','Shawshank Redemption',0),(52,2,'B','22','Shawshank Redemption',0),(53,2,'B','23','Shawshank Redemption',0),(54,2,'B','24','Shawshank Redemption',0),(55,2,'B','25','Shawshank Redemption',0),(56,2,'B','26','Shawshank Redemption',0),(57,2,'B','27','Shawshank Redemption',0),(58,2,'B','28','Shawshank Redemption',0),(59,2,'B','29','Shawshank Redemption',0),(60,2,'B','30','Shawshank Redemption',0),(61,2,'C','1','Shawshank Redemption',0),(62,2,'C','2','Shawshank Redemption',0),(63,2,'C','3','Shawshank Redemption',0),(64,2,'C','4','Shawshank Redemption',0),(65,2,'C','5','Shawshank Redemption',0),(66,2,'C','6','Shawshank Redemption',0),(67,2,'C','7','Shawshank Redemption',0),(68,2,'C','8','Shawshank Redemption',0),(69,2,'C','9','Shawshank Redemption',0),(70,2,'C','10','Shawshank Redemption',0),(71,2,'C','11','Shawshank Redemption',0),(72,2,'C','12','Shawshank Redemption',0),(73,2,'C','13','Shawshank Redemption',0),(74,2,'C','14','Shawshank Redemption',0),(75,2,'C','15','Shawshank Redemption',0),(76,2,'C','16','Shawshank Redemption',0),(77,2,'C','17','Shawshank Redemption',0),(78,2,'C','18','Shawshank Redemption',0),(79,2,'C','19','Shawshank Redemption',0),(80,2,'C','20','Shawshank Redemption',0),(81,2,'C','21','Shawshank Redemption',0),(82,2,'C','22','Shawshank Redemption',0),(83,2,'C','23','Shawshank Redemption',0),(84,2,'C','24','Shawshank Redemption',0),(85,2,'C','25','Shawshank Redemption',0),(86,2,'C','26','Shawshank Redemption',0),(87,2,'C','27','Shawshank Redemption',0),(88,2,'C','28','Shawshank Redemption',0),(89,2,'C','29','Shawshank Redemption',0),(90,2,'C','30','Shawshank Redemption',0),(91,2,'D','1','Shawshank Redemption',0),(92,2,'D','2','Shawshank Redemption',0),(93,2,'D','3','Shawshank Redemption',0),(94,2,'D','4','Shawshank Redemption',0),(95,2,'D','5','Shawshank Redemption',0),(96,2,'D','6','Shawshank Redemption',0),(97,2,'D','7','Shawshank Redemption',0),(98,2,'D','8','Shawshank Redemption',0),(99,2,'D','9','Shawshank Redemption',0),(100,2,'D','10','Shawshank Redemption',0),(101,2,'D','11','Shawshank Redemption',0),(102,2,'D','12','Shawshank Redemption',0),(103,2,'D','13','Shawshank Redemption',0),(104,2,'D','14','Shawshank Redemption',0),(105,2,'D','15','Shawshank Redemption',0),(106,2,'D','16','Shawshank Redemption',0),(107,2,'D','17','Shawshank Redemption',0),(108,2,'D','18','Shawshank Redemption',0),(109,2,'D','19','Shawshank Redemption',0),(110,2,'D','20','Shawshank Redemption',0),(111,2,'D','21','Shawshank Redemption',0),(112,2,'D','22','Shawshank Redemption',0),(113,2,'D','23','Shawshank Redemption',0),(114,2,'D','24','Shawshank Redemption',0),(115,2,'D','25','Shawshank Redemption',0),(116,2,'D','26','Shawshank Redemption',0),(117,2,'D','27','Shawshank Redemption',0),(118,2,'D','28','Shawshank Redemption',0),(119,2,'D','29','Shawshank Redemption',0),(120,2,'D','30','Shawshank Redemption',0),(121,2,'E','1','Shawshank Redemption',0),(122,2,'E','2','Shawshank Redemption',0),(123,2,'E','3','Shawshank Redemption',0),(124,2,'E','4','Shawshank Redemption',0),(125,2,'E','5','Shawshank Redemption',0),(126,2,'E','6','Shawshank Redemption',0),(127,2,'E','7','Shawshank Redemption',0),(128,2,'E','8','Shawshank Redemption',0),(129,2,'E','9','Shawshank Redemption',0),(130,2,'E','10','Shawshank Redemption',0),(131,2,'E','11','Shawshank Redemption',0),(132,2,'E','12','Shawshank Redemption',0),(133,2,'E','13','Shawshank Redemption',0),(134,2,'E','14','Shawshank Redemption',0),(135,2,'E','15','Shawshank Redemption',0),(136,2,'E','16','Shawshank Redemption',0),(137,2,'E','17','Shawshank Redemption',0),(138,2,'E','18','Shawshank Redemption',0),(139,2,'E','19','Shawshank Redemption',0),(140,2,'E','20','Shawshank Redemption',0),(141,2,'E','21','Shawshank Redemption',0),(142,2,'E','22','Shawshank Redemption',0),(143,2,'E','23','Shawshank Redemption',0),(144,2,'E','24','Shawshank Redemption',0),(145,2,'E','25','Shawshank Redemption',0),(146,2,'E','26','Shawshank Redemption',0),(147,2,'E','27','Shawshank Redemption',0),(148,2,'E','28','Shawshank Redemption',0),(149,2,'E','29','Shawshank Redemption',0),(150,2,'E','30','Shawshank Redemption',0),(151,2,'F','1','Shawshank Redemption',0),(152,2,'F','2','Shawshank Redemption',0),(153,2,'F','3','Shawshank Redemption',0),(154,2,'F','4','Shawshank Redemption',0),(155,2,'F','5','Shawshank Redemption',0),(156,2,'F','6','Shawshank Redemption',0),(157,2,'F','7','Shawshank Redemption',0),(158,2,'F','8','Shawshank Redemption',0),(159,2,'F','9','Shawshank Redemption',0),(160,2,'F','10','Shawshank Redemption',0),(161,2,'F','11','Shawshank Redemption',0),(162,2,'F','12','Shawshank Redemption',0),(163,2,'F','13','Shawshank Redemption',0),(164,2,'F','14','Shawshank Redemption',0),(165,2,'F','15','Shawshank Redemption',0),(166,2,'F','16','Shawshank Redemption',0),(167,2,'F','17','Shawshank Redemption',0),(168,2,'F','18','Shawshank Redemption',0),(169,2,'F','19','Shawshank Redemption',0),(170,2,'F','20','Shawshank Redemption',0),(171,2,'F','21','Shawshank Redemption',0),(172,2,'F','22','Shawshank Redemption',0),(173,2,'F','23','Shawshank Redemption',0),(174,2,'F','24','Shawshank Redemption',0),(175,2,'F','25','Shawshank Redemption',0),(176,2,'F','26','Shawshank Redemption',0),(177,2,'F','27','Shawshank Redemption',0),(178,2,'F','28','Shawshank Redemption',0),(179,2,'F','29','Shawshank Redemption',0),(180,2,'F','30','Shawshank Redemption',0),(181,2,'G','1','Shawshank Redemption',0),(182,2,'G','2','Shawshank Redemption',0),(183,2,'G','3','Shawshank Redemption',0),(184,2,'G','4','Shawshank Redemption',0),(185,2,'G','5','Shawshank Redemption',0),(186,2,'G','6','Shawshank Redemption',0),(187,2,'G','7','Shawshank Redemption',0),(188,2,'G','8','Shawshank Redemption',0),(189,2,'G','9','Shawshank Redemption',0),(190,2,'G','10','Shawshank Redemption',0),(191,2,'G','11','Shawshank Redemption',0),(192,2,'G','12','Shawshank Redemption',0),(193,2,'G','13','Shawshank Redemption',0),(194,2,'G','14','Shawshank Redemption',0),(195,2,'G','15','Shawshank Redemption',0),(196,2,'G','16','Shawshank Redemption',0),(197,2,'G','17','Shawshank Redemption',0),(198,2,'G','18','Shawshank Redemption',0),(199,2,'G','19','Shawshank Redemption',0),(200,2,'G','20','Shawshank Redemption',0),(201,2,'G','21','Shawshank Redemption',0),(202,2,'G','22','Shawshank Redemption',0),(203,2,'G','23','Shawshank Redemption',0),(204,2,'G','24','Shawshank Redemption',0),(205,2,'G','25','Shawshank Redemption',0),(206,2,'G','26','Shawshank Redemption',0),(207,2,'G','27','Shawshank Redemption',0),(208,2,'G','28','Shawshank Redemption',0),(209,2,'G','29','Shawshank Redemption',0),(210,2,'G','30','Shawshank Redemption',0),(211,2,'H','1','Shawshank Redemption',0),(212,2,'H','2','Shawshank Redemption',0),(213,2,'H','3','Shawshank Redemption',0),(214,2,'H','4','Shawshank Redemption',0),(215,2,'H','5','Shawshank Redemption',0),(216,2,'H','6','Shawshank Redemption',0),(217,2,'H','7','Shawshank Redemption',0),(218,2,'H','8','Shawshank Redemption',0),(219,2,'H','9','Shawshank Redemption',0),(220,2,'H','10','Shawshank Redemption',0),(221,2,'H','11','Shawshank Redemption',0),(222,2,'H','12','Shawshank Redemption',0),(223,2,'H','13','Shawshank Redemption',0),(224,2,'H','14','Shawshank Redemption',0),(225,2,'H','15','Shawshank Redemption',0),(226,2,'H','16','Shawshank Redemption',0),(227,2,'H','17','Shawshank Redemption',0),(228,2,'H','18','Shawshank Redemption',0),(229,2,'H','19','Shawshank Redemption',0),(230,2,'H','20','Shawshank Redemption',0),(231,2,'H','21','Shawshank Redemption',0),(232,2,'H','22','Shawshank Redemption',0),(233,2,'H','23','Shawshank Redemption',0),(234,2,'H','24','Shawshank Redemption',0),(235,2,'H','25','Shawshank Redemption',0),(236,2,'H','26','Shawshank Redemption',0),(237,2,'H','27','Shawshank Redemption',0),(238,2,'H','28','Shawshank Redemption',0),(239,2,'H','29','Shawshank Redemption',0),(240,2,'H','30','Shawshank Redemption',0),(241,2,'I','1','Shawshank Redemption',0),(242,2,'I','2','Shawshank Redemption',0),(243,2,'I','3','Shawshank Redemption',0),(244,2,'I','4','Shawshank Redemption',0),(245,2,'I','5','Shawshank Redemption',0),(246,2,'I','6','Shawshank Redemption',0),(247,2,'I','7','Shawshank Redemption',0),(248,2,'I','8','Shawshank Redemption',0),(249,2,'I','9','Shawshank Redemption',0),(250,2,'I','10','Shawshank Redemption',0),(251,2,'I','11','Shawshank Redemption',0),(252,2,'I','12','Shawshank Redemption',0),(253,2,'I','13','Shawshank Redemption',0),(254,2,'I','14','Shawshank Redemption',0),(255,2,'I','15','Shawshank Redemption',0),(256,2,'I','16','Shawshank Redemption',0),(257,2,'I','17','Shawshank Redemption',0),(258,2,'I','18','Shawshank Redemption',0),(259,2,'I','19','Shawshank Redemption',0),(260,2,'I','20','Shawshank Redemption',0),(261,2,'I','21','Shawshank Redemption',0),(262,2,'I','22','Shawshank Redemption',0),(263,2,'I','23','Shawshank Redemption',0),(264,2,'I','24','Shawshank Redemption',0),(265,2,'I','25','Shawshank Redemption',0),(266,2,'I','26','Shawshank Redemption',0),(267,2,'I','27','Shawshank Redemption',0),(268,2,'I','28','Shawshank Redemption',0),(269,2,'I','29','Shawshank Redemption',0),(270,2,'I','30','Shawshank Redemption',0),(271,2,'J','1','Shawshank Redemption',0),(272,2,'J','2','Shawshank Redemption',0),(273,2,'J','3','Shawshank Redemption',0),(274,2,'J','4','Shawshank Redemption',0),(275,2,'J','5','Shawshank Redemption',0),(276,2,'J','6','Shawshank Redemption',0),(277,2,'J','7','Shawshank Redemption',0),(278,2,'J','8','Shawshank Redemption',0),(279,2,'J','9','Shawshank Redemption',0),(280,2,'J','10','Shawshank Redemption',0),(281,2,'J','11','Shawshank Redemption',0),(282,2,'J','12','Shawshank Redemption',0),(283,2,'J','13','Shawshank Redemption',0),(284,2,'J','14','Shawshank Redemption',0),(285,2,'J','15','Shawshank Redemption',0),(286,2,'J','16','Shawshank Redemption',0),(287,2,'J','17','Shawshank Redemption',0),(288,2,'J','18','Shawshank Redemption',0),(289,2,'J','19','Shawshank Redemption',0),(290,2,'J','20','Shawshank Redemption',0),(291,2,'J','21','Shawshank Redemption',0),(292,2,'J','22','Shawshank Redemption',0),(293,2,'J','23','Shawshank Redemption',0),(294,2,'J','24','Shawshank Redemption',0),(295,2,'J','25','Shawshank Redemption',0),(296,2,'J','26','Shawshank Redemption',0),(297,2,'J','27','Shawshank Redemption',0),(298,2,'J','28','Shawshank Redemption',0),(299,2,'J','29','Shawshank Redemption',0),(300,2,'J','30','Shawshank Redemption',0);
/*!40000 ALTER TABLE `screen` ENABLE KEYS */;
UNLOCK TABLES;

--
-- Table structure for table `ticket`
--

DROP TABLE IF EXISTS `ticket`;
/*!40101 SET @saved_cs_client     = @@character_set_client */;
/*!40101 SET character_set_client = utf8 */;
CREATE TABLE `ticket` (
  `sc_id` int(11) NOT NULL,
  `seat_no` int(11) NOT NULL,
  `b_id` varchar(7) DEFAULT NULL,
  `movie_name` varchar(20) DEFAULT NULL,
  `cus_name` varchar(26) DEFAULT NULL,
  `phone` varchar(10) DEFAULT NULL,
  PRIMARY KEY (`sc_id`,`seat_no`),
  KEY `movie_name` (`movie_name`),
  CONSTRAINT `ticket_ibfk_1` FOREIGN KEY (`sc_id`, `seat_no`) REFERENCES `screen` (`sc_id`, `seat_no`),
  CONSTRAINT `ticket_ibfk_2` FOREIGN KEY (`movie_name`) REFERENCES `movie` (`movie_name`)
) ENGINE=InnoDB DEFAULT CHARSET=latin1;
/*!40101 SET character_set_client = @saved_cs_client */;

--
-- Dumping data for table `ticket`
--

LOCK TABLES `ticket` WRITE;
/*!40000 ALTER TABLE `ticket` DISABLE KEYS */;
INSERT INTO `ticket` VALUES (1,1,'7rNyPUO','The Godfather','q','1'),(1,2,'7rNyPUO','The Godfather','q','1'),(1,3,'7rNyPUO','The Godfather','q','1');
/*!40000 ALTER TABLE `ticket` ENABLE KEYS */;
UNLOCK TABLES;
/*!40103 SET TIME_ZONE=@OLD_TIME_ZONE */;

/*!40101 SET SQL_MODE=@OLD_SQL_MODE */;
/*!40014 SET FOREIGN_KEY_CHECKS=@OLD_FOREIGN_KEY_CHECKS */;
/*!40014 SET UNIQUE_CHECKS=@OLD_UNIQUE_CHECKS */;
/*!40101 SET CHARACTER_SET_CLIENT=@OLD_CHARACTER_SET_CLIENT */;
/*!40101 SET CHARACTER_SET_RESULTS=@OLD_CHARACTER_SET_RESULTS */;
/*!40101 SET COLLATION_CONNECTION=@OLD_COLLATION_CONNECTION */;
/*!40111 SET SQL_NOTES=@OLD_SQL_NOTES */;

-- Dump completed on 2018-02-23  0:22:43
